<?xml version="1.0" encoding="iso-8859-1"?>
<!--
 Licensed to the Apache Software Foundation (ASF) under one or more
 contributor license agreements.  See the NOTICE file distributed with
 this work for additional information regarding copyright ownership.
 The ASF licenses this file to You under the Apache License, Version 2.0
 (the "License"); you may not use this file except in compliance with
 the License.  You may obtain a copy of the License at

     http://www.apache.org/licenses/LICENSE-2.0

 Unless required by applicable law or agreed to in writing, software
 distributed under the License is distributed on an "AS IS" BASIS,
 WITHOUT WARRANTIES OR CONDITIONS OF ANY KIND, either express or implied.
 See the License for the specific language governing permissions and
 limitations under the License.
-->
<document xmlns="http://maven.apache.org/XDOC/2.0"
xmlns:xsi="http://www.w3.org/2001/XMLSchema-instance"
xsi:schemaLocation="http://maven.apache.org/XDOC/2.0 http://maven.apache.org/xsd/xdoc-2.0.xsd">
  <properties></properties>
  <title>Mailing Lists</title>
  <body>

    <section name="Mailing Lists"></section>

    <subsection name="Hama User List"></subsection>
    <p>
    If you use Hama, please subscribe to the Hama user mailing list.<br /> 
    The Hama user mailing list is : 
    <a href="mailto:user@hama.apache.org">user@hama.apache.org</a>.
    </p>
    <ul>
    <li><a href="mailto:user-subscribe@hama.apache.org">Subscribe to List</a></li>
    <li><a href="mailto:user-unsubscribe@hama.apache.org">Unsubscribe from List</a></li>
    </ul>
    
    <subsection name="Hama Developer List"></subsection>
    <p>
    If you'd like to contribute to Hama, please subscribe to the Hama developer mailing list.<br /> 
    The Hama developer mailing list is : 
    <a href="mailto:dev@hama.apache.org">dev@hama.apache.org</a>.
    </p>
    <ul>
    <li><a href="mailto:dev-subscribe@hama.apache.org">Subscribe to List</a></li>
    <li><a href="mailto:dev-unsubscribe@hama.apache.org">Unsubscribe from List</a></li>
    </ul>
    
    <subsection name="Hama Commit List"></subsection>
    <p>
    If you'd like to see changes made in Hama's version control system then subscribe 
    to the Hama commit mailing list.<br />
    The Hama commit mailing list is : 
    <a href="mailto:commits@hama.apache.org">commits@hama.apache.org</a>.
    </p>
    <ul>
    <li><a href="mailto:commits-subscribe@hama.apache.org">Subscribe to List</a></li>
    <li><a href="mailto:commits-unsubscribe@hama.apache.org">Unsubscribe from List</a></li>
    </ul>
    
  </body>
</document>
