<?xml version="1.0" encoding="iso-8859-1"?>
<!--
 Licensed to the Apache Software Foundation (ASF) under one or more
 contributor license agreements.  See the NOTICE file distributed with
 this work for additional information regarding copyright ownership.
 The ASF licenses this file to You under the Apache License, Version 2.0
 (the "License"); you may not use this file except in compliance with
 the License.  You may obtain a copy of the License at

     http://www.apache.org/licenses/LICENSE-2.0

 Unless required by applicable law or agreed to in writing, software
 distributed under the License is distributed on an "AS IS" BASIS,
 WITHOUT WARRANTIES OR CONDITIONS OF ANY KIND, either express or implied.
 See the License for the specific language governing permissions and
 limitations under the License.
-->
<document xmlns="http://maven.apache.org/XDOC/2.0"
xmlns:xsi="http://www.w3.org/2001/XMLSchema-instance"
xsi:schemaLocation="http://maven.apache.org/XDOC/2.0 http://maven.apache.org/xsd/xdoc-2.0.xsd">
  <properties></properties>
  <title>Team List</title>
  <body>

    <section name="Who We Are"></section>
    <p>
    A successful project requires many people to play many roles. 
    Some members write code or documentation, while others are valuable as testers, submitting patches and suggestions.
    The team is comprised of Members and Contributors.<br/><br/>
    Members have direct access to the source of a project and actively evolve the code-base. 
    Contributors improve the project through submission of patches and suggestions to the Members. 
    The number of Contributors to the project is unbounded. Get involved today. 
    All contributions to the project are greatly appreciated.
    </p>

    <subsection name="Members"></subsection>
    <p>The following is a list of developers (in alphabetical order) with commit privileges that have directly contributed 
    to the project in one way or another.</p>
    
    <table align="center" border="0">
      <tr valign="top">
        <th align="center">
          <b>username</b>
        </th>
        <th align="center">
          <b>name</b>
        </th>
        <th align="center">
          <b>organization</b>
        </th>
        <th align="center">
          <b>roles</b>
        </th>
       </tr>
       <tr valign="top">
          <td align="center">apurv</td>
          <td align="center">Apurv Verma</td>
          <td align="center">.</td>
          <td align="center">committer</td>
        </tr>
       <tr valign="top">
          <td align="center">chl501</td>
          <td align="center">Chia-Hung Lin</td>
          <td align="center">.</td>
          <td align="center">PMC member, committer</td>
        </tr>
       <tr valign="top">
          <td align="center">edwardyoon</td>
          <td align="center"><a href="http://blog.udanax.org/">Edward J. Yoon</a></td>
          <td align="center">Oracle</td>
          <td align="center">PMC member, committer</td>
        </tr>
       <tr valign="top">
          <td align="center">kennethxian</td>
          <td align="center">MaoYuan Xian</td>
          <td align="center">Sogou</td>
          <td align="center">committer</td>
        </tr>
       <tr valign="top">
          <td align="center">millecker</td>
          <td align="center">Martin Illecker</td>
          <td align="center">University of Innsbruck</td>
          <td align="center">PMC member, committer</td>
        </tr>
       <tr valign="top">
          <td align="center">stevel</td>
          <td align="center">Steve Loughran</td>
          <td align="center">Hortonworks</td>
          <td align="center">PMC member, committer</td>
        </tr>
       <tr valign="top">
          <td align="center">surajsmenon</td>
          <td align="center">Suraj Menon</td>
          <td align="center">Verisign</td>
          <td align="center">PMC member, committer</td>
        </tr>
       <tr valign="top">
          <td align="center">tommaso</td>
          <td align="center">Tommaso Teofili</td>
          <td align="center">Adobe</td>
          <td align="center">PMC member, committer</td>
        </tr>
       <tr valign="top">
          <td align="center">yxjiang</td>
          <td align="center">Yexi Jiang</td>
          <td align="center">Florida International University</td>
          <td align="center">committer</td>
        </tr>
    </table>

    <subsection name="Emeritus Members"></subsection>
    <br/>
    <ul>
      <li>Thomas Jungblut</li>
    </ul>
    
    <subsection name="Contributors"></subsection>

    <table align="center" border="0">
      <tr valign="top">
        <th align="center">
          <b>name</b>
        </th>
        <th align="center">
          <b>organization</b>
        </th>
        <th align="center">
          <b>contribution</b>
        </th>
       </tr>
       <tr valign="top">
          <td align="center">Sookyung Kim</td>
          <td align="center">NHN, corp.</td>
          <td align="center">Hama logo sketch</td>
        </tr>
       <tr valign="top">
          <td align="center">Morakot</td>
          <td align="center">.</td>
          <td align="center">Hama logo paint</td>
        </tr>
       <tr valign="top">
          <td align="center">Arthur</td>
          <td align="center">.</td>
          <td align="center">Hama Artwork</td>
        </tr>
       <tr valign="top">
          <td align="center">Miklos Erdelyi</td>
          <td align="center">University of Pannonia</td>
          <td align="center">Message Bundler and Performance improvement issues</td>
        </tr>
       <tr valign="top">
          <td align="center">Mikalaj Parafeniuk</td>
          <td align="center">Belarussian State University of Informatics and Radioelectronics</td>
          <td align="center">GSoC 2012, Sparse Matrix-Vector multiplication(SpMV) on Hama</td>
        </tr>
        
    </table>
  </body>
</document>
